{
  "N": 30,
  "dt": 2.7,
  "tf": 81.0,
  "m0": 1905.0,
  "g_mars": 3.7114,
  "fuel": 400.72787651443537,
  "solve_time_ms": 356.0316580005747,
  "status": "optimal",
  "time": [
    0.0,
    2.7,
    5.4,
    8.100000000000001,
    10.8,
    13.5,
    16.200000000000003,
    18.900000000000002,
    21.6,
    24.3,
    27.0,
    29.700000000000003,
    32.400000000000006,
    35.1,
    37.800000000000004,
    40.5,
    43.2,
    45.900000000000006,
    48.6,
    51.300000000000004,
    54.0,
    56.7,
    59.400000000000006,
    62.1,
    64.80000000000001,
    67.5,
    70.2,
    72.9,
    75.60000000000001,
    78.30000000000001,
    81.0
  ],
  "rx": [
    1499.9999999999998,
    1305.0081216183655,
    1125.1819530456064,
    960.8156256038942,
    812.1921233592725,
    679.5787983203371,
    563.2210703853025,
    463.3341830648169,
    380.09121212591714,
    313.6053560644658,
    263.90282821033367,
    230.87932241652874,
    214.2256687521779,
    214.24943946516638,
    231.91784800980062,
    254.5135195631217,
    269.37452341945686,
    277.45910645266434,
    279.61862349783564,
    276.52755632381314,
    268.61498985404427,
    256.01322843350374,
    238.53812286133783,
    215.70740943716848,
    186.79156496518954,
    150.88288651775778,
    106.9668006515107,
    61.018873844106025,
    25.739778888460993,
    6.158680900542651,
    1.2491737740201598e-11
  ],
  "ry": [
    0.0,
    0.0,
    0.0,
    0.0,
    0.0,
    0.0,
    0.0,
    0.0,
    0.0,
    0.0,
    0.0,
    0.0,
    0.0,
    0.0,
    0.0,
    0.0,
    0.0,
    0.0,
    0.0,
    0.0,
    0.0,
    0.0,
    0.0,
    0.0,
    0.0,
    0.0,
    0.0,
    0.0,
    0.0,
    0.0,
    0.0
  ],
  "rz": [
    2000.0,
    2255.8220172565875,
    2483.074241432544,
    2681.3142637929236,
    2850.06800104868,
    2988.8234856028757,
    3097.0224390213825,
    3174.0497247133485,
    3219.2185647672086,
    3231.749609389117,
    3210.740392058932,
    3155.1189380766277,
    3063.569791200278,
    2935.5176394191094,
    2773.2542541187354,
    2589.321064369673,
    2394.94827457337,
    2191.9277700986527,
    1982.330009035346,
    1768.4844322150718,
    1552.9262868036915,
    1338.3105107194924,
    1127.3043056343536,
    922.4784500653188,
    726.2178870707539,
    540.664352723041,
    367.6927977774641,
    214.93488392819995,
    97.33638823146595,
    24.68649040416563,
    4.659288804186256e-15
  ],
  "vx": [
    -74.99999999999969,
    -69.43842843083951,
    -63.76614088231435,
    -57.986694259693955,
    -52.104788884469656,
    -46.12730373696338,
    -40.06360584454343,
    -33.92668105951983,
    -27.73477889522057,
    -21.514003372521227,
    -15.302683926836044,
    -9.159172216723514,
    -3.176867534647891,
    3.1944754701945275,
    9.893234562867514,
    6.844299921073654,
    4.16385108361871,
    1.8247289409790384,
    -0.2250866852969097,
    -2.0645927028682434,
    -3.7965676451090595,
    -5.53807044418059,
    -7.406452201868604,
    -9.505187371590512,
    -11.91395668172759,
    -14.685064390444383,
    -17.84536958455379,
    -16.190131754264808,
    -9.94253117584294,
    -4.561985852245027,
    1.4536973193926714e-13
  ],
  "vy": [
    0.0,
    0.0,
    0.0,
    0.0,
    0.0,
    0.0,
    0.0,
    0.0,
    0.0,
    0.0,
    0.0,
    0.0,
    0.0,
    0.0,
    0.0,
    0.0,
    0.0,
    0.0,
    0.0,
    0.0,
    0.0,
    0.0,
    0.0,
    0.0,
    0.0,
    0.0,
    0.0,
    0.0,
    0.0,
    0.0,
    0.0
  ],
  "vz": [
    99.99999999999982,
    89.49779056043472,
    78.83719031064318,
    68.00727069704502,
    56.99549764055165,
    45.78634276996344,
    34.36103013263378,
    22.696218528081314,
    10.762181511814536,
    -1.4799262363270995,
    -14.082456971217804,
    -27.118620052711634,
    -40.695562818658914,
    -54.15788294516977,
    -66.03721727732984,
    -70.20958994419786,
    -73.7702543493599,
    -76.61530452080144,
    -78.64229626683317,
    -79.7618347111475,
    -79.91086559357863,
    -79.06378335767992,
    -77.23710929797836,
    -74.48574667908423,
    -70.89244813170446,
    -66.55461434808265,
    -61.572463389381525,
    -51.58154686933232,
    -35.52844994306294,
    -18.28628918827027,
    -1.764859264345931e-13
  ],
  "mass": [
    1904.999999050147,
    1886.8793283833622,
    1868.7594885004914,
    1850.6404952167659,
    1832.5223649711224,
    1814.4051147328507,
    1796.288761995496,
    1778.1733247890666,
    1760.0588216983456,
    1741.9452718840437,
    1723.8326951063166,
    1705.7211117505879,
    1687.6105428544972,
    1669.5010101745265,
    1652.175332838302,
    1645.3616509350745,
    1638.5482530011454,
    1631.7354859184381,
    1624.9237177812356,
    1618.1133392691347,
    1611.3047651297686,
    1604.4984357737278,
    1597.6948189916577,
    1590.8944118044183,
    1584.0977424578932,
    1577.3053725739676,
    1570.5178994471446,
    1558.2903586127024,
    1540.280396684108,
    1522.2742719402188,
    1504.2721234855646
  ],
  "z": [
    7.552237287062191,
    7.542679594401294,
    7.533030114584563,
    7.523287071784945,
    7.513448638309044,
    7.503512932495978,
    7.493478016559426,
    7.483341894331164,
    7.473102508893229,
    7.462757740090022,
    7.452305401912602,
    7.441743239747101,
    7.431068927477942,
    7.420280064459613,
    7.409848082128502,
    7.405715487629062,
    7.401565917202431,
    7.397399442680878,
    7.39321615075813,
    7.38901614415717,
    7.384799542895183,
    7.380566485649921,
    7.376317131236541,
    7.372051660204873,
    7.367770276567783,
    7.363473209671592,
    7.35916071620579,
    7.351344575313583,
    7.339719754602795,
    7.3279607271408205,
    7.316064421311947
  ],
  "ux": [
    5.77124132191074,
    5.812247240194128,
    5.851935786155373,
    5.889883472305024,
    5.925283387965064,
    5.9572140342294455,
    5.984335105564177,
    6.00469709788855,
    6.015390934333076,
    6.011888683587138,
    5.986774707449172,
    5.927068400768886,
    6.071156668460292,
    6.192421886175316,
    2.582164947483891,
    2.7186411713131173,
    2.845058465689145,
    2.952209027305338,
    3.030101474973713,
    3.0699277991702005,
    3.0663989633069715,
    3.0194067564119758,
    2.934090677880902,
    2.8192632184678743,
    2.6850638115864953,
    2.5409165947744126,
    4.324451048255295,
    6.025326140156359,
    5.704194564295635,
    5.40102438972055,
    0.0
  ],
  "uy": [
    0.0,
    0.0,
    0.0,
    0.0,
    0.0,
    0.0,
    0.0,
    0.0,
    0.0,
    0.0,
    0.0,
    0.0,
    0.0,
    0.0,
    0.0,
    0.0,
    0.0,
    0.0,
    0.0,
    0.0,
    0.0,
    0.0,
    0.0,
    0.0,
    0.0,
    0.0,
    0.0,
    0.0,
    0.0,
    0.0,
    0.0
  ],
  "uz": [
    -3.889707199838661,
    -3.948370462885502,
    -4.011081338369457,
    -4.0784344653677005,
    -4.151538840958388,
    -4.231597273084873,
    -4.32030059427852,
    -4.4200137097282814,
    -4.534113980793059,
    -4.6676039758853225,
    -4.828208548701312,
    -5.028497320721125,
    -4.986044491300237,
    -4.399753456355521,
    -1.545323209951061,
    -1.3187645945044209,
    -1.053722285719062,
    -0.7507376837154407,
    -0.41464386826456173,
    -0.05519662312265378,
    0.3137341614439439,
    0.6765459480375798,
    1.019023192182965,
    1.3308513138442972,
    1.6066051050450354,
    1.845241095815144,
    3.700339451869977,
    5.945591454173729,
    6.385985464737897,
    6.772699699359154,
    0.0
  ],